price,date_sold,suburb,num_bath,num_bed,num_parking,property_size,type,suburb_population,suburb_median_income,suburb_sqkm,suburb_lat,suburb_lng,suburb_elevation,cash_rate,property_inflation_index,km_from_cbd
640000,13/7/16,St Clair,1,3,6,574,House,19897,38896,7.204,-33.79794,150.78794,59,1.75,159.3,39.76
721000,20/7/16,St Clair,3,4,1,629,House,19897,38896,7.204,-33.79794,150.78794,59,1.75,159.3,39.76
580000,28/7/16,St Clair,1,3,2,627,House,19897,38896,7.204,-33.79794,150.78794,59,1.75,159.3,39.76
850000,16/8/16,St Clair,3,5,4,672,House,19897,38896,7.204,-33.79794,150.78794,59,1.52,159.3,39.76
720000,8/10/16,St Clair,2,4,2,800,House,19897,38896,7.204,-33.79794,150.78794,59,1.52,159.3,39.76
833000,7/11/16,St Clair,3,5,3,869,House,19897,38896,7.204,-33.79794,150.78794,59,1.75,159.3,39.76
720000,7/12/16,St Clair,2,4,4,802,House,19897,38896,7.204,-33.79794,150.78794,59,1.75,159.3,39.76
740000,20/12/17,St Clair,2,4,3,655,House,19897,38896,7.204,-33.79794,150.78794,59,1.5,171.9,39.76
720000,20/12/17,St Clair,2,4,3,639,House,19897,38896,7.204,-33.79794,150.78794,59,1.5,171.9,39.76
710000,22/12/17,St Clair,1,3,4,637,House,19897,38896,7.204,-33.79794,150.78794,59,1.5,171.9,39.76
915000,29/12/17,St Clair,2,5,2,627,House,19897,38896,7.204,-33.79794,150.78794,59,1.5,171.9,39.76
680000,30/1/18,St Clair,1,3,2,625,House,19897,38896,7.204,-33.79794,150.78794,59,1.5,171.9,39.76
660000,31/1/18,St Clair,3,6,2,565,House,19897,38896,7.204,-33.79794,150.78794,59,1.5,171.9,39.76
685000,13/2/18,St Clair,1,3,2,560,House,19897,38896,7.204,-33.79794,150.78794,59,1.5,171.9,39.76
780000,1/10/18,St Clair,2,3,4,800,House,19897,38896,7.204,-33.79794,150.78794,59,1.5,171.9,39.76
645000,2/12/18,St Clair,2,3,2,573,House,19897,38896,7.204,-33.79794,150.78794,59,1.5,171.9,39.76
635000,13/8/19,St Clair,1,3,4,626,House,19897,38896,7.204,-33.79794,150.78794,59,1,159,39.76
965000,23/8/19,St Clair,4,5,2,641,House,19897,38896,7.204,-33.79794,150.78794,59,1,159,39.76
780000,23/8/19,St Clair,3,4,2,630,House,19897,38896,7.204,-33.79794,150.78794,59,1,159,39.76
710000,18/9/19,St Clair,2,4,2,629,House,19897,38896,7.204,-33.79794,150.78794,59,1,166.4,39.76
622000,18/9/19,St Clair,1,4,3,637,House,19897,38896,7.204,-33.79794,150.78794,59,1,166.4,39.76
610000,9/11/19,St Clair,1,3,0,635,House,19897,38896,7.204,-33.79794,150.78794,59,1,166.4,39.76
650000,9/12/19,St Clair,2,3,2,645,House,19897,38896,7.204,-33.79794,150.78794,59,1,166.4,39.76
795000,12/10/20,St Clair,1,3,2,845,House,19897,38896,7.204,-33.79794,150.78794,59,0.1,183.1,39.76
653000,19/11/20,St Clair,1,3,1,396,House,19897,38896,7.204,-33.79794,150.78794,59,0.11,172.6,39.76
710500,23/11/20,St Clair,2,3,2,646,House,19897,38896,7.204,-33.79794,150.78794,59,0.11,172.6,39.76
780000,14/12/20,St Clair,1,3,2,803,House,19897,38896,7.204,-33.79794,150.78794,59,0.1,183.1,39.76
705000,15/12/20,St Clair,1,3,3,631,House,19897,38896,7.204,-33.79794,150.78794,59,0.1,183.1,39.76
795000,21/12/20,St Clair,2,4,1,629,House,19897,38896,7.204,-33.79794,150.78794,59,0.1,183.1,39.76
750000,22/12/20,St Clair,2,4,3,625,House,19897,38896,7.204,-33.79794,150.78794,59,0.1,183.1,39.76
1060000,16/8/21,St Clair,3,4,4,650,House,19897,38896,7.204,-33.79794,150.78794,59,0.1,210.1,39.76
1160000,20/8/21,St Clair,2,4,8,806,House,19897,38896,7.204,-33.79794,150.78794,59,0.1,210.1,39.76
1300000,26/8/21,St Clair,4,6,2,625,House,19897,38896,7.204,-33.79794,150.78794,59,0.1,210.1,39.76
1100000,15/9/21,St Clair,2,4,2,774,House,19897,38896,7.204,-33.79794,150.78794,59,0.1,220.1,39.76
1100000,11/10/21,St Clair,2,4,2,560,House,19897,38896,7.204,-33.79794,150.78794,59,0.1,220.1,39.76
1180000,29/10/21,St Clair,2,6,2,677,House,19897,38896,7.204,-33.79794,150.78794,59,0.1,220.1,39.76
1036000,9/11/21,St Clair,1,4,1,793,House,19897,38896,7.204,-33.79794,150.78794,59,0.1,220.1,39.76
1071500,11/12/21,St Clair,3,5,6,672,House,19897,38896,7.204,-33.79794,150.78794,59,0.1,220.1,39.76
1045000,15/12/21,St Clair,2,5,3,582,House,19897,38896,7.204,-33.79794,150.78794,59,0.1,220.1,39.76
1042000,20/12/21,St Clair,1,3,6,790,House,19897,38896,7.204,-33.79794,150.78794,59,0.1,220.1,39.76
1585000,31/8/19,Baulkham Hills,3,4,4,930,House,37050,41288,16.003,-33.74634,150.98287,93,1,159,24.81
1410000,14/9/19,Baulkham Hills,2,5,3,1914,House,37050,41288,16.003,-33.74634,150.98287,93,1,166.4,24.81
1200000,14/9/19,Baulkham Hills,2,3,3,696,House,37050,41288,16.003,-33.74634,150.98287,93,1,166.4,24.81
1186000,14/9/19,Baulkham Hills,2,3,5,722,House,37050,41288,16.003,-33.74634,150.98287,93,1,166.4,24.81
1200000,17/9/19,Baulkham Hills,1,3,1,696,House,37050,41288,16.003,-33.74634,150.98287,93,1,166.4,24.81
1365000,17/9/19,Baulkham Hills,2,4,2,727,House,37050,41288,16.003,-33.74634,150.98287,93,1,166.4,24.81
1261100,18/9/19,Baulkham Hills,3,4,2,697,House,37050,41288,16.003,-33.74634,150.98287,93,1,166.4,24.81
1760000,21/9/19,Baulkham Hills,3,5,2,810,House,37050,41288,16.003,-33.74634,150.98287,93,1,166.4,24.81
1385000,9/11/19,Baulkham Hills,2,5,3,930,House,37050,41288,16.003,-33.74634,150.98287,93,1,166.4,24.81
1070000,9/12/19,Baulkham Hills,1,3,1,696,House,37050,41288,16.003,-33.74634,150.98287,93,1,166.4,24.81
1186000,13/5/20,Baulkham Hills,2,4,2,696,House,37050,41288,16.003,-33.74634,150.98287,93,0.25,165.9,24.81
1570000,14/5/20,Baulkham Hills,3,5,4,743,House,37050,41288,16.003,-33.74634,150.98287,93,0.25,165.9,24.81
1410000,16/5/20,Baulkham Hills,2,4,2,845,House,37050,41288,16.003,-33.74634,150.98287,93,0.25,165.9,24.81
1140000,18/5/20,Baulkham Hills,2,4,2,942,House,37050,41288,16.003,-33.74634,150.98287,93,0.25,165.9,24.81
1140000,19/5/20,Baulkham Hills,2,4,1,696,House,37050,41288,16.003,-33.74634,150.98287,93,0.25,165.9,24.81
1379000,12/12/20,Baulkham Hills,2,5,4,696,House,37050,41288,16.003,-33.74634,150.98287,93,0.1,183.1,24.81
1411000,12/12/20,Baulkham Hills,3,4,2,1094,House,37050,41288,16.003,-33.74634,150.98287,93,0.1,183.1,24.81
1200000,16/12/20,Baulkham Hills,2,4,2,300,House,37050,41288,16.003,-33.74634,150.98287,93,0.1,183.1,24.81
1617000,24/6/21,Baulkham Hills,2,4,2,695,House,37050,41288,16.003,-33.74634,150.98287,93,0.1,210.1,24.81
1600000,27/6/21,Baulkham Hills,2,4,2,695,House,37050,41288,16.003,-33.74634,150.98287,93,0.1,210.1,24.81
1570000,27/6/21,Baulkham Hills,2,3,2,750,House,37050,41288,16.003,-33.74634,150.98287,93,0.1,210.1,24.81
1980000,28/6/21,Baulkham Hills,2,5,2,755,House,37050,41288,16.003,-33.74634,150.98287,93,0.1,210.1,24.81
1551000,28/6/21,Baulkham Hills,1,3,1,696,House,37050,41288,16.003,-33.74634,150.98287,93,0.1,210.1,24.81
2225000,18/9/21,Baulkham Hills,2,4,2,700,House,37050,41288,16.003,-33.74634,150.98287,93,0.1,220.1,24.81
2271000,21/9/21,Baulkham Hills,3,5,6,1606,House,37050,41288,16.003,-33.74634,150.98287,93,0.1,220.1,24.81
2000000,30/10/21,Baulkham Hills,3,3,8,923,House,37050,41288,16.003,-33.74634,150.98287,93,0.1,220.1,24.81
2160000,30/10/21,Baulkham Hills,2,4,2,696,House,37050,41288,16.003,-33.74634,150.98287,93,0.1,220.1,24.81
1630000,12/11/21,Baulkham Hills,1,4,1,862,House,37050,41288,16.003,-33.74634,150.98287,93,0.1,220.1,24.81
2709000,23/11/21,Baulkham Hills,3,5,4,988,House,37050,41288,16.003,-33.74634,150.98287,93,0.1,220.1,24.81
2070000,24/11/21,Baulkham Hills,2,5,2,943,House,37050,41288,16.003,-33.74634,150.98287,93,0.1,220.1,24.81
1620000,15/12/21,Baulkham Hills,2,4,7,859,House,37050,41288,16.003,-33.74634,150.98287,93,0.1,220.1,24.81
1850000,17/12/21,Baulkham Hills,0,5,2,766,House,37050,41288,16.003,-33.74634,150.98287,93,0.1,220.1,24.81
1916000,18/12/21,Baulkham Hills,0,4,2,755,House,37050,41288,16.003,-33.74634,150.98287,93,0.1,220.1,24.81
2100000,18/12/21,Baulkham Hills,0,4,2,750,House,37050,41288,16.003,-33.74634,150.98287,93,0.1,220.1,24.81
2100000,18/12/21,Baulkham Hills,2,4,2,750,House,37050,41288,16.003,-33.74634,150.98287,93,0.1,220.1,24.81
1675000,18/12/21,Baulkham Hills,0,5,2,771,House,37050,41288,16.003,-33.74634,150.98287,93,0.1,220.1,24.81
1675000,18/12/21,Baulkham Hills,2,5,2,771,House,37050,41288,16.003,-33.74634,150.98287,93,0.1,220.1,24.81
1875000,21/12/21,Baulkham Hills,4,4,2,696,House,37050,41288,16.003,-33.74634,150.98287,93,0.1,220.1,24.81
1580000,23/12/21,Baulkham Hills,1,3,2,695,House,37050,41288,16.003,-33.74634,150.98287,93,0.1,220.1,24.81
1770000,23/12/21,Baulkham Hills,2,3,2,904,House,37050,41288,16.003,-33.74634,150.98287,93,0.1,220.1,24.81
1770000,31/10/16,St Ives,3,5,2,930,House,17300,48464,14.264,-33.72491,151.16978,167,1.5,167.6,15.99
2200000,11/11/16,St Ives,3,5,2,955,House,17300,48464,14.264,-33.72491,151.16978,167,1.5,167.6,15.99
2366000,13/11/16,St Ives,2,5,2,923,House,17300,48464,14.264,-33.72491,151.16978,167,1.5,167.6,15.99
3100000,15/11/16,St Ives,3,4,4,1695,House,17300,48464,14.264,-33.72491,151.16978,167,1.5,167.6,15.99
3340000,27/11/16,St Ives,4,5,2,1941,House,17300,48464,14.264,-33.72491,151.16978,167,1.5,167.6,15.99
2050000,29/11/16,St Ives,3,4,3,929,House,17300,48464,14.264,-33.72491,151.16978,167,1.5,167.6,15.99
1775000,29/11/16,St Ives,2,4,3,1069,House,17300,48464,14.264,-33.72491,151.16978,167,1.5,167.6,15.99
1865000,29/11/16,St Ives,2,3,2,587,House,17300,48464,14.264,-33.72491,151.16978,167,1.5,167.6,15.99
2750000,22/5/18,St Ives,2,4,2,1752,House,17300,48464,14.264,-33.72491,151.16978,167,1.5,169.8,15.99
4020000,26/5/18,St Ives,4,6,2,930,House,17300,48464,14.264,-33.72491,151.16978,167,1.5,169.8,15.99
1801000,26/5/18,St Ives,2,4,2,1100,House,17300,48464,14.264,-33.72491,151.16978,167,1.5,169.8,15.99
1840000,28/6/18,St Ives,2,4,2,930,House,17300,48464,14.264,-33.72491,151.16978,167,1.5,166.6,15.99
2890000,12/10/19,St Ives,2,4,2,1745,House,17300,48464,14.264,-33.72491,151.16978,167,0.75,169.6,15.99
3800000,28/11/19,St Ives,4,4,2,930,House,17300,48464,14.264,-33.72491,151.16978,167,0.75,166.4,15.99
2646000,14/12/19,St Ives,3,5,2,923,House,17300,48464,14.264,-33.72491,151.16978,167,0.75,169.6,15.99
1800000,14/12/19,St Ives,2,4,2,1593,House,17300,48464,14.264,-33.72491,151.16978,167,0.75,169.6,15.99
1650000,20/12/19,St Ives,2,3,2,1024,House,17300,48464,14.264,-33.72491,151.16978,167,0.75,169.6,15.99
1420000,20/12/19,St Ives,2,3,1,935,House,17300,48464,14.264,-33.72491,151.16978,167,0.75,169.6,15.99
1820000,13/1/20,St Ives,3,5,2,948,House,17300,48464,14.264,-33.72491,151.16978,167,0.75,169.6,15.99
2800000,21/1/20,St Ives,4,7,3,939,House,17300,48464,14.264,-33.72491,151.16978,167,0.75,169.6,15.99
3970000,14/2/20,St Ives,4,6,2,1056,House,17300,48464,14.264,-33.72491,151.16978,167,0.75,169.6,15.99
3817000,13/2/21,St Ives,3,5,4,930,House,17300,48464,14.264,-33.72491,151.16978,167,0.1,183.1,15.99
2380000,13/2/21,St Ives,2,4,3,961,House,17300,48464,14.264,-33.72491,151.16978,167,0.1,183.1,15.99
3180000,13/2/21,St Ives,3,5,2,1026,House,17300,48464,14.264,-33.72491,151.16978,167,0.1,183.1,15.99
2000000,18/2/21,St Ives,4,5,3,4998,House,17300,48464,14.264,-33.72491,151.16978,167,0.1,183.1,15.99
2400000,18/2/21,St Ives,2,4,2,929,House,17300,48464,14.264,-33.72491,151.16978,167,0.1,183.1,15.99
5100000,19/2/21,St Ives,4,5,2,1024,House,17300,48464,14.264,-33.72491,151.16978,167,0.1,183.1,15.99
2620000,20/2/21,St Ives,3,4,2,923,House,17300,48464,14.264,-33.72491,151.16978,167,0.1,183.1,15.99
2475000,24/2/21,St Ives,2,4,2,936,House,17300,48464,14.264,-33.72491,151.16978,167,0.1,183.1,15.99
2618000,26/2/21,St Ives,3,5,2,942,House,17300,48464,14.264,-33.72491,151.16978,167,0.1,183.1,15.99
2810000,27/2/21,St Ives,4,5,2,942,House,17300,48464,14.264,-33.72491,151.16978,167,0.1,183.1,15.99
3010000,27/2/21,St Ives,2,3,2,587,House,17300,48464,14.264,-33.72491,151.16978,167,0.1,183.1,15.99
2450000,27/2/21,St Ives,1,3,1,929,House,17300,48464,14.264,-33.72491,151.16978,167,0.1,183.1,15.99
4490000,27/10/21,St Ives,4,6,2,923,House,17300,48464,14.264,-33.72491,151.16978,167,0.1,220.1,15.99
2681000,27/10/21,St Ives,2,5,4,778,House,17300,48464,14.264,-33.72491,151.16978,167,0.1,220.1,15.99
3870000,31/10/21,St Ives,2,5,2,942,House,17300,48464,14.264,-33.72491,151.16978,167,0.1,220.1,15.99
3900000,11/11/21,St Ives,2,4,2,1163,House,17300,48464,14.264,-33.72491,151.16978,167,0.1,220.1,15.99
3631000,13/11/21,St Ives,3,5,2,1132,House,17300,48464,14.264,-33.72491,151.16978,167,0.1,220.1,15.99
5900000,24/11/21,St Ives,6,5,2,1442,House,17300,48464,14.264,-33.72491,151.16978,167,0.1,220.1,15.99
3750000,17/12/21,St Ives,3,5,4,923,House,17300,48464,14.264,-33.72491,151.16978,167,0.1,220.1,15.99
